{
  "roc_auc": 0.9800000000000001,
  "roc_auc_std": 0.02689698444243183,
  "mcc_train": 0.9786652863630034,
  "n_active": 185,
  "n_inactive": 27,
  "n_decoys": 23
}